cleu1xmm70008mm0b3x5syxxd,"Shut Down",mv,POe9SOEKotk,1677939632575,1677939632575,cldqobpsd0000mmbw7888rjvb
cleu28nwj000kmm0bidr9n0dr,TOMBOY,mv,Jh4QFaPmdss,1677940147459,1677940147459,cldqocu020004mmbwe7dskodm
cleu28trm000omm0bzrd3wo7u,Nxde,mv,fCO7f0SmrDc,1677940155058,1677940155058,cldqocu020004mmbwe7dskodm
cleu2925h000smm0bkypljtrn,ELEVEN,mv,--FmExEAsM8,1677940165925,1677940165925,cldqocagv0002mmbwps806n0c
cleu29atw000wmm0bu6nonpor,"LOVE DIVE",mv,Y8JFxS1HlDo,1677940177173,1677940177173,cldqocagv0002mmbwps806n0c
cleu29ig20010mm0b9fhm7cdg,"After LIKE",mv,F0B7HDiY-10,1677940187043,1677940187043,cldqocagv0002mmbwps806n0c
cleu29ozp0014mm0bcsc6ln1i,"휘파람",mv,dISNgvVpWlo,1677940195526,1677940195526,cldqobpsd0000mmbw7888rjvb
cleu29v0g0018mm0bjpwbm4tn,"불장난",mv,9pdj4iJD08s,1677940203329,1677940203329,cldqobpsd0000mmbw7888rjvb
cleu2a1s8001cmm0b43y12r1n,"마지막처럼",mv,Amq-qlqbjYA,1677940212105,1677940212105,cldqobpsd0000mmbw7888rjvb
cleu2a7tl001gmm0b10a5muc8,"붐바야",mv,bwmSjveL3Lc,1677940219930,1677940219930,cldqobpsd0000mmbw7888rjvb
cleu2ahi6001kmm0btvw11h12,Attention,mv,js1CtxSY38I,1677940232478,1677940232478,clepgk0lg0000mmr37zr4xma2
cleu2aqjd001omm0b89q0o2qw,"Hype Boy - MINJI ver",mv,Rrf8uQFvICE,1677940244186,1677940244186,clepgk0lg0000mmr37zr4xma2
cleu2axjq001smm0bqep2kwaw,"Hype Boy - DANIELLE&HAERIN ver",mv,9wUKhEgnllc,1677940253271,1677940253271,clepgk0lg0000mmr37zr4xma2
cleu2b7au001wmm0bag0favq7,"Hype Boy - HANNI ver",mv,jM-K-h9gUdM,1677940265911,1677940265911,clepgk0lg0000mmr37zr4xma2
cleu2bdjf0020mm0b3l6unesj,Hurt,mv,tVIXY14aJms,1677940273995,1677940273995,clepgk0lg0000mmr37zr4xma2
cleu2bkkw0024mm0bhz2lhflz,Cookie,mv,VOmIplFAGeg,1677940283120,1677940283120,clepgk0lg0000mmr37zr4xma2
cleu2brw60028mm0bpomprjz2,FEARLESS,mv,4vbDFu0PUew,1677940292599,1677940292599,clepgwwyr000qmmr3yfzpv54n
cleu2bzw6002cmm0b0hbd8qgg,Impurities,mv,Ccz123Jlflc,1677940302966,1677940302966,clepgwwyr000qmmr3yfzpv54n
cleu2cckd002gmm0bmwx2nmm5,ANTIFRAGILE,mv,pyf8cbqyfPs,1677940319389,1677940319389,clepgwwyr000qmmr3yfzpv54n
cleu2cjve002kmm0b54u8xm75,"FEARLESS -Japanese ver",mv,DiGnWwgLAfE,1677940328859,1677940328859,clepgwwyr000qmmr3yfzpv54n
